-- Sufra Cloud Database Merge Script
-- Generated on 2026-07-09T09:30:48.174Z
-- This script merges local database data safely without overwriting existing remote records.

SET CONSTRAINTS ALL DEFERRED;

-- Data for tenants (9 rows)
INSERT INTO tenants (id, subdomain, name_ar, logo, theme_color, currency, tax_rate, address, phone, owner_name, owner_email, password_hash, status, slogan, wifi_password, banner_image, subscription_plan, subscription_amount, subscription_date, created_at) VALUES ('tenant-2', 'burger', 'برجر كنج دوم - أصل البرجر الأمريكي', '🍔', 'amber', 'ر.س', '15.00', 'جدة، شارع التحلية - مركز الجرموق', '0559876543', 'م. خالد الحربي', 'khaled@burger-king.com', '123', 'active', 'برجر مشوي على الفحم مع الصوص السري الحصري', 'bk_guest_fast', NULL, 'starter', '199.00', NULL, '2025-02-13T21:00:00.000Z') ON CONFLICT (id) DO NOTHING;
INSERT INTO tenants (id, subdomain, name_ar, logo, theme_color, currency, tax_rate, address, phone, owner_name, owner_email, password_hash, status, slogan, wifi_password, banner_image, subscription_plan, subscription_amount, subscription_date, created_at) VALUES ('tenant-3', 'napoli', 'بيتزا نابولي الإيطالية - فرن الحطب', '🍕', 'rose', 'ر.س', '15.00', 'الخبر، الكورنيش الشمالي', '0543322110', 'الشيف ماركو وتامر', 'marco@napoli-pizza.com', '123', 'active', 'عجينة تخمير بطيء لمدة 48 ساعة، مخبوزة بفرن الحطب النابولي', 'napoli_pizza', NULL, 'starter', '199.00', NULL, '2025-02-28T21:00:00.000Z') ON CONFLICT (id) DO NOTHING;
INSERT INTO tenants (id, subdomain, name_ar, logo, theme_color, currency, tax_rate, address, phone, owner_name, owner_email, password_hash, status, slogan, wifi_password, banner_image, subscription_plan, subscription_amount, subscription_date, created_at) VALUES ('tenant-4', 'qahwa', 'قهوة وسكر - كافيه ومحمصة مختصة', '☕', 'indigo', 'ر.س', '15.00', 'الرياض، بوليفارد سيتي', '0561122334', 'سارة العتيبي', 'sara@qahwa-sugar.com', '123', 'active', 'بن مختص محمص بعناية مع أشهى المخبوزات الفرنسية', 'coffee_lovers', NULL, 'pro', '399.00', NULL, '2025-03-14T21:00:00.000Z') ON CONFLICT (id) DO NOTHING;
INSERT INTO tenants (id, subdomain, name_ar, logo, theme_color, currency, tax_rate, address, phone, owner_name, owner_email, password_hash, status, slogan, wifi_password, banner_image, subscription_plan, subscription_amount, subscription_date, created_at) VALUES ('tenant-1', 'shami', 'مذاق الشام للأكلات السورية والمشاوي', '🍽️', 'emerald', 'ر.س', '15.00', 'الرياض، المملكة العربية السعودية', '0500000000', 'أبو وليد الشامي', 'owner@shami-food.com', '123456', 'active', 'نكهات طازجة وجودة عالية كل يوم', 'test_wifi_pass', NULL, 'starter', '199.00', NULL, '2025-01-09T21:00:00.000Z') ON CONFLICT (id) DO NOTHING;
INSERT INTO tenants (id, subdomain, name_ar, logo, theme_color, currency, tax_rate, address, phone, owner_name, owner_email, password_hash, status, slogan, wifi_password, banner_image, subscription_plan, subscription_amount, subscription_date, created_at) VALUES ('tenant-1783542852713', 'bashar', 'بشار', '🍽️', 'emerald', 'ل.س', '15.00', 'تركيا', '05878824', 'بشار', 'bashar@gmail.com', '123456', 'active', 'نكهات طازجة وجودة عالية كل يوم', 'bashar_wifi_2026', NULL, 'starter', '199.00', '2026-07-04T21:00:00.000Z', '2026-07-08T20:34:12.720Z') ON CONFLICT (id) DO NOTHING;
INSERT INTO tenants (id, subdomain, name_ar, logo, theme_color, currency, tax_rate, address, phone, owner_name, owner_email, password_hash, status, slogan, wifi_password, banner_image, subscription_plan, subscription_amount, subscription_date, created_at) VALUES ('tenant-1783509837168', 'newtest1783509837105', 'مطعم تجربة جديد', '🍽️', 'emerald', 'ر.س', '15.00', 'الرياض', '0567890123', 'تجربة', 'testemail1783509837105@test.com', '123', 'trial', 'نكهات طازجة وجودة عالية كل يوم', 'newtest1783509837105_wifi_2026', NULL, 'starter', '199.00', '2026-07-07T21:00:00.000Z', '2026-07-08T11:23:57.168Z') ON CONFLICT (id) DO NOTHING;
INSERT INTO tenants (id, subdomain, name_ar, logo, theme_color, currency, tax_rate, address, phone, owner_name, owner_email, password_hash, status, slogan, wifi_password, banner_image, subscription_plan, subscription_amount, subscription_date, created_at) VALUES ('tenant-5', 'sushi', 'تولوم سوشي - مطعم مأكولات بحرية ويابانية', '🍣', 'violet', 'ر.س', '15.00', 'الرياض، حي السليمانية - شارع الضباب', '0587654321', 'م. طارق عبد المطلب', 'tarek@tulum-sushi.com', '123', 'trial', 'سوشي طازج على الطريقة اليابانية', 'sushi_guest', NULL, 'pro', '399.00', NULL, '2026-07-03T21:00:00.000Z') ON CONFLICT (id) DO NOTHING;
INSERT INTO tenants (id, subdomain, name_ar, logo, theme_color, currency, tax_rate, address, phone, owner_name, owner_email, password_hash, status, slogan, wifi_password, banner_image, subscription_plan, subscription_amount, subscription_date, created_at) VALUES ('tenant-1783509910034', 'saadd1783509909949', 'سوبر تست', '🍔', 'amber', 'ر.س', '15.00', 'مكة', '0512345678', 'سعيد', 'saeed1783509909949@sa.com', '123', 'suspended', 'شعار', 'saadd1783509909949_wifi_2026', NULL, 'pro', '399.00', '2026-07-07T21:00:00.000Z', '2026-07-08T11:25:10.035Z') ON CONFLICT (id) DO NOTHING;
INSERT INTO tenants (id, subdomain, name_ar, logo, theme_color, currency, tax_rate, address, phone, owner_name, owner_email, password_hash, status, slogan, wifi_password, banner_image, subscription_plan, subscription_amount, subscription_date, created_at) VALUES ('tenant-1783553310802', 'ammarjabaseh', 'rrrrr', '🍽️', 'emerald', 'ر.س', '15.00', 'hiihujgh', 'lm jbhughffkjjhuy', 'rrrr', 'ammarjabaseh@gmail.com', '123456', 'trial', 'نكهات طازجة وجودة عالية كل يوم', 'ammarjabaseh_wifi_2026', NULL, 'starter', '199.00', '2026-07-07T21:00:00.000Z', '2026-07-08T23:28:30.804Z') ON CONFLICT (id) DO NOTHING;

-- Data for tenant_users (13 rows)
INSERT INTO tenant_users (id, tenant_id, name, email, phone, password_hash, role, status, avatar, can_manage_pos, can_manage_menu, can_manage_users, can_view_reports, can_manage_settings, created_at) VALUES ('user-102', 'tenant-1', 'سمير الميداني', 'manager@shami-food.com', '0509988771', '123', 'manager', 'active', '👔', TRUE, TRUE, FALSE, TRUE, FALSE, '2026-07-08T10:57:46.152Z') ON CONFLICT (id) DO NOTHING;
INSERT INTO tenant_users (id, tenant_id, name, email, phone, password_hash, role, status, avatar, can_manage_pos, can_manage_menu, can_manage_users, can_view_reports, can_manage_settings, created_at) VALUES ('user-103', 'tenant-1', 'أحمد عبد الله', 'cashier@shami-food.com', '0543322119', '123', 'cashier', 'active', '🖥️', TRUE, FALSE, FALSE, FALSE, FALSE, '2026-07-08T10:57:46.152Z') ON CONFLICT (id) DO NOTHING;
INSERT INTO tenant_users (id, tenant_id, name, email, phone, password_hash, role, status, avatar, can_manage_pos, can_manage_menu, can_manage_users, can_view_reports, can_manage_settings, created_at) VALUES ('user-104', 'tenant-1', 'بلال السوري', 'waiter@shami-food.com', '0561122338', '123', 'waiter', 'active', '🍽️', TRUE, FALSE, FALSE, FALSE, FALSE, '2026-07-08T10:57:46.152Z') ON CONFLICT (id) DO NOTHING;
INSERT INTO tenant_users (id, tenant_id, name, email, phone, password_hash, role, status, avatar, can_manage_pos, can_manage_menu, can_manage_users, can_view_reports, can_manage_settings, created_at) VALUES ('user-201', 'tenant-2', 'م. خالد الحربي', 'khaled@burger-king.com', '0559876543', '123', 'owner', 'active', '👨‍💼', TRUE, TRUE, TRUE, TRUE, TRUE, '2026-07-08T10:57:46.152Z') ON CONFLICT (id) DO NOTHING;
INSERT INTO tenant_users (id, tenant_id, name, email, phone, password_hash, role, status, avatar, can_manage_pos, can_manage_menu, can_manage_users, can_view_reports, can_manage_settings, created_at) VALUES ('user-202', 'tenant-2', 'فهد الغامدي', 'fahad@burger-king.com', '0551122334', '123', 'cashier', 'active', '🖥️', TRUE, FALSE, FALSE, FALSE, FALSE, '2026-07-08T10:57:46.152Z') ON CONFLICT (id) DO NOTHING;
INSERT INTO tenant_users (id, tenant_id, name, email, phone, password_hash, role, status, avatar, can_manage_pos, can_manage_menu, can_manage_users, can_view_reports, can_manage_settings, created_at) VALUES ('user-301', 'tenant-3', 'الشيف ماركو وتامر', 'marco@napoli-pizza.com', '0543322110', '123', 'owner', 'active', '👨‍🍳', TRUE, TRUE, TRUE, TRUE, TRUE, '2026-07-08T10:57:46.152Z') ON CONFLICT (id) DO NOTHING;
INSERT INTO tenant_users (id, tenant_id, name, email, phone, password_hash, role, status, avatar, can_manage_pos, can_manage_menu, can_manage_users, can_view_reports, can_manage_settings, created_at) VALUES ('user-401', 'tenant-4', 'سارة العتيبي', 'sara@qahwa-sugar.com', '0561122334', '123', 'owner', 'active', '👩‍💼', TRUE, TRUE, TRUE, TRUE, TRUE, '2026-07-08T10:57:46.152Z') ON CONFLICT (id) DO NOTHING;
INSERT INTO tenant_users (id, tenant_id, name, email, phone, password_hash, role, status, avatar, can_manage_pos, can_manage_menu, can_manage_users, can_view_reports, can_manage_settings, created_at) VALUES ('user-501', 'tenant-5', 'م. طارق عبد المطلب', 'tarek@tulum-sushi.com', '0587654321', '123', 'owner', 'active', '👨‍💼', TRUE, TRUE, TRUE, TRUE, TRUE, '2026-07-08T10:57:46.152Z') ON CONFLICT (id) DO NOTHING;
INSERT INTO tenant_users (id, tenant_id, name, email, phone, password_hash, role, status, avatar, can_manage_pos, can_manage_menu, can_manage_users, can_view_reports, can_manage_settings, created_at) VALUES ('user-1783509837171', 'tenant-1783509837168', 'تجربة', 'testemail1783509837105@test.com', '0567890123', '123', 'owner', 'active', '👨‍🍳', TRUE, TRUE, TRUE, TRUE, TRUE, '2026-07-08T11:23:57.171Z') ON CONFLICT (id) DO NOTHING;
INSERT INTO tenant_users (id, tenant_id, name, email, phone, password_hash, role, status, avatar, can_manage_pos, can_manage_menu, can_manage_users, can_view_reports, can_manage_settings, created_at) VALUES ('user-101', 'tenant-1', 'أبو وليد الشامي', 'owner@shami-food.com', '0501234567', '123456', 'owner', 'active', '👨‍🍳', TRUE, TRUE, TRUE, TRUE, TRUE, '2026-07-08T10:57:46.152Z') ON CONFLICT (id) DO NOTHING;
INSERT INTO tenant_users (id, tenant_id, name, email, phone, password_hash, role, status, avatar, can_manage_pos, can_manage_menu, can_manage_users, can_view_reports, can_manage_settings, created_at) VALUES ('user-1783509910035', 'tenant-1783509910034', 'سعيد', 'saeed1783509909949@sa.com', '0512345678', '123', 'owner', 'active', '👨‍🍳', TRUE, TRUE, TRUE, TRUE, TRUE, '2026-07-08T11:25:10.036Z') ON CONFLICT (id) DO NOTHING;
INSERT INTO tenant_users (id, tenant_id, name, email, phone, password_hash, role, status, avatar, can_manage_pos, can_manage_menu, can_manage_users, can_view_reports, can_manage_settings, created_at) VALUES ('user-1783542852735', 'tenant-1783542852713', 'بشار', 'bashar@gmail.com', '05878824', '123456', 'owner', 'active', '👨‍🍳', TRUE, TRUE, TRUE, TRUE, TRUE, '2026-07-08T20:34:12.743Z') ON CONFLICT (id) DO NOTHING;
INSERT INTO tenant_users (id, tenant_id, name, email, phone, password_hash, role, status, avatar, can_manage_pos, can_manage_menu, can_manage_users, can_view_reports, can_manage_settings, created_at) VALUES ('user-1783553310805', 'tenant-1783553310802', 'rrrr', 'ammarjabaseh@gmail.com', 'lm jbhughffkjjhuy', '123456', 'owner', 'active', '👨‍🍳', TRUE, TRUE, TRUE, TRUE, TRUE, '2026-07-08T23:28:30.807Z') ON CONFLICT (id) DO NOTHING;

-- Data for categories (29 rows)
INSERT INTO categories (id, tenant_id, name_ar, icon, order_index, created_at) VALUES ('cat-101', 'tenant-1', 'مشاوي على الفحم', '🔥', 1, '2026-07-08T10:57:46.152Z') ON CONFLICT (id) DO NOTHING;
INSERT INTO categories (id, tenant_id, name_ar, icon, order_index, created_at) VALUES ('cat-102', 'tenant-1', 'شاورما وسندويشات', '🥙', 2, '2026-07-08T10:57:46.152Z') ON CONFLICT (id) DO NOTHING;
INSERT INTO categories (id, tenant_id, name_ar, icon, order_index, created_at) VALUES ('cat-103', 'tenant-1', 'مقبلات شرفية وسلطات', '🥗', 3, '2026-07-08T10:57:46.152Z') ON CONFLICT (id) DO NOTHING;
INSERT INTO categories (id, tenant_id, name_ar, icon, order_index, created_at) VALUES ('cat-104', 'tenant-1', 'أطباق كبة ومحاشي', '🧆', 4, '2026-07-08T10:57:46.152Z') ON CONFLICT (id) DO NOTHING;
INSERT INTO categories (id, tenant_id, name_ar, icon, order_index, created_at) VALUES ('cat-105', 'tenant-1', 'حلويات ومشروبات', '🍹', 5, '2026-07-08T10:57:46.152Z') ON CONFLICT (id) DO NOTHING;
INSERT INTO categories (id, tenant_id, name_ar, icon, order_index, created_at) VALUES ('cat-201', 'tenant-2', 'برجر لحم أنجوس', '🍔', 1, '2026-07-08T10:57:46.152Z') ON CONFLICT (id) DO NOTHING;
INSERT INTO categories (id, tenant_id, name_ar, icon, order_index, created_at) VALUES ('cat-202', 'tenant-2', 'برجر دجاج كرسبي', '🍗', 2, '2026-07-08T10:57:46.152Z') ON CONFLICT (id) DO NOTHING;
INSERT INTO categories (id, tenant_id, name_ar, icon, order_index, created_at) VALUES ('cat-203', 'tenant-2', 'بطاطس ومقبلات ساخنة', '🍟', 3, '2026-07-08T10:57:46.152Z') ON CONFLICT (id) DO NOTHING;
INSERT INTO categories (id, tenant_id, name_ar, icon, order_index, created_at) VALUES ('cat-204', 'tenant-2', 'ميلك شيك ومشروبات', '🥤', 4, '2026-07-08T10:57:46.152Z') ON CONFLICT (id) DO NOTHING;
INSERT INTO categories (id, tenant_id, name_ar, icon, order_index, created_at) VALUES ('cat-301', 'tenant-3', 'بيتزا نابوليتانا (فرن الحطب)', '🍕', 1, '2026-07-08T10:57:46.152Z') ON CONFLICT (id) DO NOTHING;
INSERT INTO categories (id, tenant_id, name_ar, icon, order_index, created_at) VALUES ('cat-302', 'tenant-3', 'باستا إيطالية طازجة', '🍝', 2, '2026-07-08T10:57:46.152Z') ON CONFLICT (id) DO NOTHING;
INSERT INTO categories (id, tenant_id, name_ar, icon, order_index, created_at) VALUES ('cat-303', 'tenant-3', 'مقبلات وخبز بالثوم', '🥖', 3, '2026-07-08T10:57:46.152Z') ON CONFLICT (id) DO NOTHING;
INSERT INTO categories (id, tenant_id, name_ar, icon, order_index, created_at) VALUES ('cat-304', 'tenant-3', 'تيراميسو وحلويات', '🍰', 4, '2026-07-08T10:57:46.152Z') ON CONFLICT (id) DO NOTHING;
INSERT INTO categories (id, tenant_id, name_ar, icon, order_index, created_at) VALUES ('cat-401', 'tenant-4', 'قهوة مختصة ساخنة', '☕', 1, '2026-07-08T10:57:46.152Z') ON CONFLICT (id) DO NOTHING;
INSERT INTO categories (id, tenant_id, name_ar, icon, order_index, created_at) VALUES ('cat-402', 'tenant-4', 'آيس كوفي وماتشا', '🧋', 2, '2026-07-08T10:57:46.152Z') ON CONFLICT (id) DO NOTHING;
INSERT INTO categories (id, tenant_id, name_ar, icon, order_index, created_at) VALUES ('cat-403', 'tenant-4', 'كرواسون ومخبوزات فرنسية', '🥐', 3, '2026-07-08T10:57:46.152Z') ON CONFLICT (id) DO NOTHING;
INSERT INTO categories (id, tenant_id, name_ar, icon, order_index, created_at) VALUES ('cat-404', 'tenant-4', 'كيك وسان سيباستيان', '🧁', 4, '2026-07-08T10:57:46.152Z') ON CONFLICT (id) DO NOTHING;
INSERT INTO categories (id, tenant_id, name_ar, icon, order_index, created_at) VALUES ('cat-1783509837172-0', 'tenant-1783509837168', 'الأطباق الرئيسية', '🍲', 1, '2026-07-08T11:23:57.172Z') ON CONFLICT (id) DO NOTHING;
INSERT INTO categories (id, tenant_id, name_ar, icon, order_index, created_at) VALUES ('cat-1783509837172-1', 'tenant-1783509837168', 'المقبلات والسلطات', '🥗', 2, '2026-07-08T11:23:57.173Z') ON CONFLICT (id) DO NOTHING;
INSERT INTO categories (id, tenant_id, name_ar, icon, order_index, created_at) VALUES ('cat-1783509837173-2', 'tenant-1783509837168', 'المشروبات والحلويات', '🍹', 3, '2026-07-08T11:23:57.173Z') ON CONFLICT (id) DO NOTHING;
INSERT INTO categories (id, tenant_id, name_ar, icon, order_index, created_at) VALUES ('cat-1783509910037-0', 'tenant-1783509910034', 'الأطباق الرئيسية', '🍲', 1, '2026-07-08T11:25:10.038Z') ON CONFLICT (id) DO NOTHING;
INSERT INTO categories (id, tenant_id, name_ar, icon, order_index, created_at) VALUES ('cat-1783509910038-1', 'tenant-1783509910034', 'المقبلات والسلطات', '🥗', 2, '2026-07-08T11:25:10.039Z') ON CONFLICT (id) DO NOTHING;
INSERT INTO categories (id, tenant_id, name_ar, icon, order_index, created_at) VALUES ('cat-1783509910038-2', 'tenant-1783509910034', 'المشروبات والحلويات', '🍹', 3, '2026-07-08T11:25:10.039Z') ON CONFLICT (id) DO NOTHING;
INSERT INTO categories (id, tenant_id, name_ar, icon, order_index, created_at) VALUES ('cat-1783542852741-0', 'tenant-1783542852713', 'الأطباق الرئيسية', '🍲', 1, '2026-07-08T20:34:12.749Z') ON CONFLICT (id) DO NOTHING;
INSERT INTO categories (id, tenant_id, name_ar, icon, order_index, created_at) VALUES ('cat-1783542852745-1', 'tenant-1783542852713', 'المقبلات والسلطات', '🥗', 2, '2026-07-08T20:34:12.753Z') ON CONFLICT (id) DO NOTHING;
INSERT INTO categories (id, tenant_id, name_ar, icon, order_index, created_at) VALUES ('cat-1783542852748-2', 'tenant-1783542852713', 'المشروبات والحلويات', '🍹', 3, '2026-07-08T20:34:12.756Z') ON CONFLICT (id) DO NOTHING;
INSERT INTO categories (id, tenant_id, name_ar, icon, order_index, created_at) VALUES ('cat-1783553310807-0', 'tenant-1783553310802', 'الأطباق الرئيسية', '🍲', 1, '2026-07-08T23:28:30.809Z') ON CONFLICT (id) DO NOTHING;
INSERT INTO categories (id, tenant_id, name_ar, icon, order_index, created_at) VALUES ('cat-1783553310809-1', 'tenant-1783553310802', 'المقبلات والسلطات', '🥗', 2, '2026-07-08T23:28:30.810Z') ON CONFLICT (id) DO NOTHING;
INSERT INTO categories (id, tenant_id, name_ar, icon, order_index, created_at) VALUES ('cat-1783553310810-2', 'tenant-1783553310802', 'المشروبات والحلويات', '🍹', 3, '2026-07-08T23:28:30.811Z') ON CONFLICT (id) DO NOTHING;

-- Data for menu_items (19 rows)
INSERT INTO menu_items (id, tenant_id, category_id, name_ar, description_ar, price, cost_price, calories, image, is_available, is_best_seller, preparation_time_min, created_at) VALUES ('item-101', 'tenant-1', 'cat-101', 'مشاوي مشكلة حلبي (كيلو)', 'كباب لحم، كباب دجاج، شيش طاووق، وأوصال لحم نعيمي طازج مشوي على فحم السنديان', '145.00', '65.00', 1250, 'https://images.unsplash.com/photo-1555939594-58d7cb561ad1?w=600&auto=format&fit=crop&q=80', TRUE, TRUE, 20, '2026-07-08T10:57:46.152Z') ON CONFLICT (id) DO NOTHING;
INSERT INTO menu_items (id, tenant_id, category_id, name_ar, description_ar, price, cost_price, calories, image, is_available, is_best_seller, preparation_time_min, created_at) VALUES ('item-102', 'tenant-1', 'cat-101', 'كباب باذنجان دمشقي', 'أسياخ كباب اللحم البلدي بالتناوب مع باذنجان مشوي، متبل بالدبس السوري', '48.00', '20.00', 680, 'https://images.unsplash.com/photo-1544025162-d76694265947?w=600&auto=format&fit=crop&q=80', TRUE, FALSE, 18, '2026-07-08T10:57:46.152Z') ON CONFLICT (id) DO NOTHING;
INSERT INTO menu_items (id, tenant_id, category_id, name_ar, description_ar, price, cost_price, calories, image, is_available, is_best_seller, preparation_time_min, created_at) VALUES ('item-103', 'tenant-1', 'cat-102', 'وجبة شاورما دجاج عربي دبل', 'قطع شاورما دجاج متبلة بالبهارات الشامية، ملفوفة بخبز الصاج مع بطاطس مقلية', '34.00', '14.00', 820, 'https://images.unsplash.com/photo-1626700051175-6818013e1d4f?w=600&auto=format&fit=crop&q=80', TRUE, TRUE, 10, '2026-07-08T10:57:46.152Z') ON CONFLICT (id) DO NOTHING;
INSERT INTO menu_items (id, tenant_id, category_id, name_ar, description_ar, price, cost_price, calories, image, is_available, is_best_seller, preparation_time_min, created_at) VALUES ('item-104', 'tenant-1', 'cat-103', 'تبولة شامية بزيت الزيتون والرمان', 'بقدونس مفروم ناعم، طماطم، برغل ناعم، نعناع طازج مع عصير الليمون', '22.00', '7.00', 190, 'https://images.unsplash.com/photo-1540420773420-3366772f4999?w=600&auto=format&fit=crop&q=80', TRUE, TRUE, 8, '2026-07-08T10:57:46.152Z') ON CONFLICT (id) DO NOTHING;
INSERT INTO menu_items (id, tenant_id, category_id, name_ar, description_ar, price, cost_price, calories, image, is_available, is_best_seller, preparation_time_min, created_at) VALUES ('item-105', 'tenant-1', 'cat-104', 'كبة مقلية مقرمشة (5 حبات)', 'أقراص كبة البرغل المحشوة باللحم المفروم والبصل والصنوبر المحمص', '28.00', '11.00', 450, 'https://images.unsplash.com/photo-1601050690597-df0568f70950?w=600&auto=format&fit=crop&q=80', TRUE, FALSE, 12, '2026-07-08T10:57:46.152Z') ON CONFLICT (id) DO NOTHING;
INSERT INTO menu_items (id, tenant_id, category_id, name_ar, description_ar, price, cost_price, calories, image, is_available, is_best_seller, preparation_time_min, created_at) VALUES ('item-201', 'tenant-2', 'cat-201', 'سماش برجر دبل ترافل وبايت', 'شريحتا لحم أنجوس فاخر مهروس على الصاج مع جبنة الشيدر الذائبة وصوص الترافل', '42.00', '18.00', 890, 'https://images.unsplash.com/photo-1568901346375-23c9450c58cd?w=600&auto=format&fit=crop&q=80', TRUE, TRUE, 12, '2026-07-08T10:57:46.152Z') ON CONFLICT (id) DO NOTHING;
INSERT INTO menu_items (id, tenant_id, category_id, name_ar, description_ar, price, cost_price, calories, image, is_available, is_best_seller, preparation_time_min, created_at) VALUES ('item-202', 'tenant-2', 'cat-202', 'كرسبي تشيكن سبايسي ميجا', 'صدر دجاج طازج مقرمش وحار، كولسلو مقرمش، مخلل خيار حلو', '36.00', '15.00', 780, 'https://images.unsplash.com/photo-1610440042657-612c34d95e9f?w=600&auto=format&fit=crop&q=80', TRUE, TRUE, 10, '2026-07-08T10:57:46.152Z') ON CONFLICT (id) DO NOTHING;
INSERT INTO menu_items (id, tenant_id, category_id, name_ar, description_ar, price, cost_price, calories, image, is_available, is_best_seller, preparation_time_min, created_at) VALUES ('item-203', 'tenant-2', 'cat-203', 'بطاطس بالجبنة والبيكون المقرمش', 'بطاطس كرينكل كوت مغطاة بصلصة جبنة الشيدر الدافئة', '24.00', '8.00', 610, 'https://images.unsplash.com/photo-1585109649139-366815a0d713?w=600&auto=format&fit=crop&q=80', TRUE, FALSE, 7, '2026-07-08T10:57:46.152Z') ON CONFLICT (id) DO NOTHING;
INSERT INTO menu_items (id, tenant_id, category_id, name_ar, description_ar, price, cost_price, calories, image, is_available, is_best_seller, preparation_time_min, created_at) VALUES ('item-301', 'tenant-3', 'cat-301', 'بيتزا مارغريتا دي بافالا الملكية', 'صلصة طماطم سان مارزانو، جبنة موزاريلا البافالو الطازجة، أوراق الريحان', '58.00', '22.00', 850, 'https://images.unsplash.com/photo-1604382354936-07c5d9983bd3?w=600&auto=format&fit=crop&q=80', TRUE, TRUE, 15, '2026-07-08T10:57:46.152Z') ON CONFLICT (id) DO NOTHING;
INSERT INTO menu_items (id, tenant_id, category_id, name_ar, description_ar, price, cost_price, calories, image, is_available, is_best_seller, preparation_time_min, created_at) VALUES ('item-302', 'tenant-3', 'cat-301', 'بيتزا بيبروني ترافل وهاني', 'شرائح بيبروني بقري مدخن، جبنة فيور دي لاتيه، زيت الكمأة والعسل الحار', '65.00', '26.00', 960, 'https://images.unsplash.com/photo-1628840042765-356cda07504e?w=600&auto=format&fit=crop&q=80', TRUE, TRUE, 15, '2026-07-08T10:57:46.152Z') ON CONFLICT (id) DO NOTHING;
INSERT INTO menu_items (id, tenant_id, category_id, name_ar, description_ar, price, cost_price, calories, image, is_available, is_best_seller, preparation_time_min, created_at) VALUES ('item-303', 'tenant-3', 'cat-302', 'فيتوتشيني ألفريدو بالدجاج والفطر', 'باستا فيتوتشيني محضرة طازجة في صلصة كريمة البارميزان الغنية', '52.00', '20.00', 820, 'https://images.unsplash.com/photo-1645112411341-6c4fd023714a?w=600&auto=format&fit=crop&q=80', TRUE, FALSE, 18, '2026-07-08T10:57:46.152Z') ON CONFLICT (id) DO NOTHING;
INSERT INTO menu_items (id, tenant_id, category_id, name_ar, description_ar, price, cost_price, calories, image, is_available, is_best_seller, preparation_time_min, created_at) VALUES ('item-401', 'tenant-4', 'cat-401', 'سبانيش لاتيه ساخن (مختص)', 'شوت اسبريسو مزدوج من بن إثيوبي فاخر مع حليب مبخر وحليب مكثف محلى', '24.00', '6.00', 230, 'https://images.unsplash.com/photo-1541167760496-1628856ab772?w=600&auto=format&fit=crop&q=80', TRUE, TRUE, 5, '2026-07-08T10:57:46.152Z') ON CONFLICT (id) DO NOTHING;
INSERT INTO menu_items (id, tenant_id, category_id, name_ar, description_ar, price, cost_price, calories, image, is_available, is_best_seller, preparation_time_min, created_at) VALUES ('item-402', 'tenant-4', 'cat-402', 'آيس ماتشا لاتيه احترافي', 'بودرة شاي الماتشا الياباني العضوي الفاخر مع حليب لوز أو حليب طبيعي', '28.00', '8.00', 160, 'https://images.unsplash.com/photo-1536256263959-770b48d82b0a?w=600&auto=format&fit=crop&q=80', TRUE, TRUE, 4, '2026-07-08T10:57:46.152Z') ON CONFLICT (id) DO NOTHING;
INSERT INTO menu_items (id, tenant_id, category_id, name_ar, description_ar, price, cost_price, calories, image, is_available, is_best_seller, preparation_time_min, created_at) VALUES ('item-403', 'tenant-4', 'cat-404', 'كيكة سان سيباستيان المحروقة', 'تشيز كيك سان سيباستيان إسباني بقوام كريمي ذائب من الداخل مع صوص شوكولاتة', '38.00', '14.00', 550, 'https://images.unsplash.com/photo-1533134242443-d4fd215305ad?w=600&auto=format&fit=crop&q=80', TRUE, TRUE, 3, '2026-07-08T10:57:46.152Z') ON CONFLICT (id) DO NOTHING;
INSERT INTO menu_items (id, tenant_id, category_id, name_ar, description_ar, price, cost_price, calories, image, is_available, is_best_seller, preparation_time_min, created_at) VALUES ('item-1783509837173-1', 'tenant-1783509837168', 'cat-1783509837172-0', 'وجبة خاصة مميزة', 'طبق طازج محضّر يومياً بأفضل المكونات الطبيعية', '45.00', '18.00', NULL, 'https://images.unsplash.com/photo-1546069901-ba9599a7e63c?w=600&auto=format&fit=crop&q=80', TRUE, TRUE, NULL, '2026-07-08T11:23:57.174Z') ON CONFLICT (id) DO NOTHING;
INSERT INTO menu_items (id, tenant_id, category_id, name_ar, description_ar, price, cost_price, calories, image, is_available, is_best_seller, preparation_time_min, created_at) VALUES ('item-1783509910039-1', 'tenant-1783509910034', 'cat-1783509910037-0', 'وجبة خاصة مميزة', 'طبق طازج محضّر يومياً بأفضل المكونات الطبيعية', '45.00', '18.00', NULL, 'https://images.unsplash.com/photo-1546069901-ba9599a7e63c?w=600&auto=format&fit=crop&q=80', TRUE, TRUE, NULL, '2026-07-08T11:25:10.039Z') ON CONFLICT (id) DO NOTHING;
INSERT INTO menu_items (id, tenant_id, category_id, name_ar, description_ar, price, cost_price, calories, image, is_available, is_best_seller, preparation_time_min, created_at) VALUES ('item-1783542995205', 'tenant-1783542852713', 'cat-1783542852741-0', 'فلافل', 'طبق فلافل المحضّر بعناية فائقة ونكهة غنية ترضي ذائقتكم.', '10.00', '4.00', NULL, 'https://encrypted-tbn0.gstatic.com/images?q=tbn:ANd9GcRqtQQrnDkDRkPJG8Io3SyhVjVRcA06m_FF_9ivLuB2j2kfqpoApGBgIvE&s=10', TRUE, FALSE, 15, '2026-07-08T20:36:35.292Z') ON CONFLICT (id) DO NOTHING;
INSERT INTO menu_items (id, tenant_id, category_id, name_ar, description_ar, price, cost_price, calories, image, is_available, is_best_seller, preparation_time_min, created_at) VALUES ('item-1783542852751-1', 'tenant-1783542852713', 'cat-1783542852741-0', 'وجبة خاصة مميزة', 'طبق طازج محضّر يومياً بأفضل المكونات الطبيعية', '45.00', '18.00', NULL, 'https://images.unsplash.com/photo-1546069901-ba9599a7e63c?w=600&auto=format&fit=crop&q=80', TRUE, TRUE, NULL, '2026-07-08T20:34:12.758Z') ON CONFLICT (id) DO NOTHING;
INSERT INTO menu_items (id, tenant_id, category_id, name_ar, description_ar, price, cost_price, calories, image, is_available, is_best_seller, preparation_time_min, created_at) VALUES ('item-1783553310811-1', 'tenant-1783553310802', 'cat-1783553310807-0', 'وجبة خاصة مميزة', 'طبق طازج محضّر يومياً بأفضل المكونات الطبيعية', '45.00', '18.00', NULL, 'https://images.unsplash.com/photo-1546069901-ba9599a7e63c?w=600&auto=format&fit=crop&q=80', TRUE, TRUE, NULL, '2026-07-08T23:28:30.812Z') ON CONFLICT (id) DO NOTHING;

-- Data for restaurant_tables (32 rows)
INSERT INTO restaurant_tables (id, tenant_id, table_number, capacity, status, current_order_id, created_at) VALUES ('tbl-101', 'tenant-1', 1, 4, 'available', NULL, '2026-07-08T10:57:46.152Z') ON CONFLICT (id) DO NOTHING;
INSERT INTO restaurant_tables (id, tenant_id, table_number, capacity, status, current_order_id, created_at) VALUES ('tbl-102', 'tenant-1', 2, 4, 'available', NULL, '2026-07-08T10:57:46.152Z') ON CONFLICT (id) DO NOTHING;
INSERT INTO restaurant_tables (id, tenant_id, table_number, capacity, status, current_order_id, created_at) VALUES ('tbl-103', 'tenant-1', 3, 6, 'available', NULL, '2026-07-08T10:57:46.152Z') ON CONFLICT (id) DO NOTHING;
INSERT INTO restaurant_tables (id, tenant_id, table_number, capacity, status, current_order_id, created_at) VALUES ('tbl-104', 'tenant-1', 4, 8, 'available', NULL, '2026-07-08T10:57:46.152Z') ON CONFLICT (id) DO NOTHING;
INSERT INTO restaurant_tables (id, tenant_id, table_number, capacity, status, current_order_id, created_at) VALUES ('tbl-105', 'tenant-1', 5, 2, 'available', NULL, '2026-07-08T10:57:46.152Z') ON CONFLICT (id) DO NOTHING;
INSERT INTO restaurant_tables (id, tenant_id, table_number, capacity, status, current_order_id, created_at) VALUES ('tbl-106', 'tenant-1', 6, 4, 'available', NULL, '2026-07-08T10:57:46.152Z') ON CONFLICT (id) DO NOTHING;
INSERT INTO restaurant_tables (id, tenant_id, table_number, capacity, status, current_order_id, created_at) VALUES ('tbl-201', 'tenant-2', 1, 2, 'available', NULL, '2026-07-08T10:57:46.152Z') ON CONFLICT (id) DO NOTHING;
INSERT INTO restaurant_tables (id, tenant_id, table_number, capacity, status, current_order_id, created_at) VALUES ('tbl-202', 'tenant-2', 2, 4, 'available', NULL, '2026-07-08T10:57:46.152Z') ON CONFLICT (id) DO NOTHING;
INSERT INTO restaurant_tables (id, tenant_id, table_number, capacity, status, current_order_id, created_at) VALUES ('tbl-203', 'tenant-2', 3, 4, 'available', NULL, '2026-07-08T10:57:46.152Z') ON CONFLICT (id) DO NOTHING;
INSERT INTO restaurant_tables (id, tenant_id, table_number, capacity, status, current_order_id, created_at) VALUES ('tbl-204', 'tenant-2', 4, 6, 'available', NULL, '2026-07-08T10:57:46.152Z') ON CONFLICT (id) DO NOTHING;
INSERT INTO restaurant_tables (id, tenant_id, table_number, capacity, status, current_order_id, created_at) VALUES ('tbl-301', 'tenant-3', 1, 4, 'available', NULL, '2026-07-08T10:57:46.152Z') ON CONFLICT (id) DO NOTHING;
INSERT INTO restaurant_tables (id, tenant_id, table_number, capacity, status, current_order_id, created_at) VALUES ('tbl-302', 'tenant-3', 2, 4, 'available', NULL, '2026-07-08T10:57:46.152Z') ON CONFLICT (id) DO NOTHING;
INSERT INTO restaurant_tables (id, tenant_id, table_number, capacity, status, current_order_id, created_at) VALUES ('tbl-303', 'tenant-3', 3, 6, 'available', NULL, '2026-07-08T10:57:46.152Z') ON CONFLICT (id) DO NOTHING;
INSERT INTO restaurant_tables (id, tenant_id, table_number, capacity, status, current_order_id, created_at) VALUES ('tbl-401', 'tenant-4', 1, 2, 'available', NULL, '2026-07-08T10:57:46.152Z') ON CONFLICT (id) DO NOTHING;
INSERT INTO restaurant_tables (id, tenant_id, table_number, capacity, status, current_order_id, created_at) VALUES ('tbl-402', 'tenant-4', 2, 2, 'available', NULL, '2026-07-08T10:57:46.152Z') ON CONFLICT (id) DO NOTHING;
INSERT INTO restaurant_tables (id, tenant_id, table_number, capacity, status, current_order_id, created_at) VALUES ('tbl-403', 'tenant-4', 3, 4, 'available', NULL, '2026-07-08T10:57:46.152Z') ON CONFLICT (id) DO NOTHING;
INSERT INTO restaurant_tables (id, tenant_id, table_number, capacity, status, current_order_id, created_at) VALUES ('tbl-1783509837174-1', 'tenant-1783509837168', 1, 4, 'available', NULL, '2026-07-08T11:23:57.175Z') ON CONFLICT (id) DO NOTHING;
INSERT INTO restaurant_tables (id, tenant_id, table_number, capacity, status, current_order_id, created_at) VALUES ('tbl-1783509837175-2', 'tenant-1783509837168', 2, 4, 'available', NULL, '2026-07-08T11:23:57.175Z') ON CONFLICT (id) DO NOTHING;
INSERT INTO restaurant_tables (id, tenant_id, table_number, capacity, status, current_order_id, created_at) VALUES ('tbl-1783509837175-3', 'tenant-1783509837168', 3, 4, 'available', NULL, '2026-07-08T11:23:57.176Z') ON CONFLICT (id) DO NOTHING;
INSERT INTO restaurant_tables (id, tenant_id, table_number, capacity, status, current_order_id, created_at) VALUES ('tbl-1783509837176-4', 'tenant-1783509837168', 4, 6, 'available', NULL, '2026-07-08T11:23:57.176Z') ON CONFLICT (id) DO NOTHING;
INSERT INTO restaurant_tables (id, tenant_id, table_number, capacity, status, current_order_id, created_at) VALUES ('tbl-1783509910040-1', 'tenant-1783509910034', 1, 4, 'available', NULL, '2026-07-08T11:25:10.041Z') ON CONFLICT (id) DO NOTHING;
INSERT INTO restaurant_tables (id, tenant_id, table_number, capacity, status, current_order_id, created_at) VALUES ('tbl-1783509910041-2', 'tenant-1783509910034', 2, 4, 'available', NULL, '2026-07-08T11:25:10.041Z') ON CONFLICT (id) DO NOTHING;
INSERT INTO restaurant_tables (id, tenant_id, table_number, capacity, status, current_order_id, created_at) VALUES ('tbl-1783509910041-3', 'tenant-1783509910034', 3, 4, 'available', NULL, '2026-07-08T11:25:10.042Z') ON CONFLICT (id) DO NOTHING;
INSERT INTO restaurant_tables (id, tenant_id, table_number, capacity, status, current_order_id, created_at) VALUES ('tbl-1783509910042-4', 'tenant-1783509910034', 4, 6, 'available', NULL, '2026-07-08T11:25:10.043Z') ON CONFLICT (id) DO NOTHING;
INSERT INTO restaurant_tables (id, tenant_id, table_number, capacity, status, current_order_id, created_at) VALUES ('tbl-1783553310813-1', 'tenant-1783553310802', 1, 4, 'available', NULL, '2026-07-08T23:28:30.814Z') ON CONFLICT (id) DO NOTHING;
INSERT INTO restaurant_tables (id, tenant_id, table_number, capacity, status, current_order_id, created_at) VALUES ('tbl-1783553310814-2', 'tenant-1783553310802', 2, 4, 'available', NULL, '2026-07-08T23:28:30.816Z') ON CONFLICT (id) DO NOTHING;
INSERT INTO restaurant_tables (id, tenant_id, table_number, capacity, status, current_order_id, created_at) VALUES ('tbl-1783553310816-3', 'tenant-1783553310802', 3, 4, 'available', NULL, '2026-07-08T23:28:30.817Z') ON CONFLICT (id) DO NOTHING;
INSERT INTO restaurant_tables (id, tenant_id, table_number, capacity, status, current_order_id, created_at) VALUES ('tbl-1783553310818-4', 'tenant-1783553310802', 4, 6, 'available', NULL, '2026-07-08T23:28:30.820Z') ON CONFLICT (id) DO NOTHING;
INSERT INTO restaurant_tables (id, tenant_id, table_number, capacity, status, current_order_id, created_at) VALUES ('tbl-1783542852755-1', 'tenant-1783542852713', 1, 4, 'available', NULL, '2026-07-08T20:34:12.762Z') ON CONFLICT (id) DO NOTHING;
INSERT INTO restaurant_tables (id, tenant_id, table_number, capacity, status, current_order_id, created_at) VALUES ('tbl-1783542852759-2', 'tenant-1783542852713', 2, 4, 'available', NULL, '2026-07-08T20:34:12.766Z') ON CONFLICT (id) DO NOTHING;
INSERT INTO restaurant_tables (id, tenant_id, table_number, capacity, status, current_order_id, created_at) VALUES ('tbl-1783542852761-3', 'tenant-1783542852713', 3, 4, 'available', NULL, '2026-07-08T20:34:12.769Z') ON CONFLICT (id) DO NOTHING;
INSERT INTO restaurant_tables (id, tenant_id, table_number, capacity, status, current_order_id, created_at) VALUES ('tbl-1783542852764-4', 'tenant-1783542852713', 4, 6, 'available', NULL, '2026-07-08T20:34:12.772Z') ON CONFLICT (id) DO NOTHING;

-- Data for orders (2 rows)
INSERT INTO orders (id, order_number, tenant_id, order_type, table_number, customer_name, customer_phone, customer_address, subtotal, tax_amount, discount_amount, total, payment_method, payment_status, order_status, cashier_name, created_at) VALUES ('ord-tenant-1-1783513774643', '#SH-5685', 'tenant-1', 'takeaway', NULL, 'عميل سفري', NULL, NULL, '227.00', '34.05', '0.00', '261.05', 'cash', 'paid', 'preparing', 'الكاشير العام', '2026-07-08T12:29:34.640Z') ON CONFLICT (id) DO NOTHING;
INSERT INTO orders (id, order_number, tenant_id, order_type, table_number, customer_name, customer_phone, customer_address, subtotal, tax_amount, discount_amount, total, payment_method, payment_status, order_status, cashier_name, created_at) VALUES ('ord-tenant-1783542852713-1783543275674', '#BA-9300', 'tenant-1783542852713', 'delivery', NULL, 'عميل سفري', NULL, NULL, '55.00', '8.25', '0.00', '63.25', 'pending', 'pending', 'preparing', 'الكاشير العام', '2026-07-08T20:41:15.677Z') ON CONFLICT (id) DO NOTHING;

-- Data for order_items (5 rows)
INSERT INTO order_items (id, order_id, item_id, name_ar, price, quantity, notes) VALUES ('oi-1783513774644-suk02', 'ord-tenant-1-1783513774643', 'item-101', 'مشاوي مشكلة حلبي (كيلو)', '145.00', 1, NULL) ON CONFLICT (id) DO NOTHING;
INSERT INTO order_items (id, order_id, item_id, name_ar, price, quantity, notes) VALUES ('oi-1783513774645-mrsy0', 'ord-tenant-1-1783513774643', 'item-102', 'كباب باذنجان دمشقي', '48.00', 1, NULL) ON CONFLICT (id) DO NOTHING;
INSERT INTO order_items (id, order_id, item_id, name_ar, price, quantity, notes) VALUES ('oi-1783513774645-jtpe3', 'ord-tenant-1-1783513774643', 'item-103', 'وجبة شاورما دجاج عربي دبل', '34.00', 1, NULL) ON CONFLICT (id) DO NOTHING;
INSERT INTO order_items (id, order_id, item_id, name_ar, price, quantity, notes) VALUES ('oi-1783543275676-6v939', 'ord-tenant-1783542852713-1783543275674', 'item-1783542995205', 'فلافل', '10.00', 1, NULL) ON CONFLICT (id) DO NOTHING;
INSERT INTO order_items (id, order_id, item_id, name_ar, price, quantity, notes) VALUES ('oi-1783543275678-y9ice', 'ord-tenant-1783542852713-1783543275674', 'item-1783542852751-1', 'وجبة خاصة مميزة', '45.00', 1, NULL) ON CONFLICT (id) DO NOTHING;

-- Table tenant_otps is empty

-- Data for invoices (4 rows)
INSERT INTO invoices (id, invoice_number, tenant_id, tenant_name, plan, amount, billing_period, issue_date, due_date, status, created_at) VALUES ('inv-1', 'INV-2026-0101', 'tenant-1', 'مذاق الشام للأكلات السورية والمشاوي', 'starter', '199.00', 'شهري - 1 يوليو 2026 إلى 1 أغسطس 2026', '2026-06-30T21:00:00.000Z', '2026-07-04T21:00:00.000Z', 'paid', '2026-07-08T10:57:46.152Z') ON CONFLICT (id) DO NOTHING;
INSERT INTO invoices (id, invoice_number, tenant_id, tenant_name, plan, amount, billing_period, issue_date, due_date, status, created_at) VALUES ('inv-2', 'INV-2026-0102', 'tenant-4', 'قهوة وسكر - كافيه ومحمصة مختصة', 'pro', '399.00', 'شهري - 15 يونيو 2026 إلى 15 يوليو 2026', '2026-06-14T21:00:00.000Z', '2026-06-19T21:00:00.000Z', 'paid', '2026-07-08T10:57:46.152Z') ON CONFLICT (id) DO NOTHING;
INSERT INTO invoices (id, invoice_number, tenant_id, tenant_name, plan, amount, billing_period, issue_date, due_date, status, created_at) VALUES ('inv-3', 'INV-2026-0103', 'tenant-2', 'برجر كنج دوم - أصل البرجر الأمريكي', 'starter', '199.00', 'شهري - 1 يوليو 2026 إلى 1 أغسطس 2026', '2026-06-30T21:00:00.000Z', '2026-07-05T21:00:00.000Z', 'pending', '2026-07-08T10:57:46.152Z') ON CONFLICT (id) DO NOTHING;
INSERT INTO invoices (id, invoice_number, tenant_id, tenant_name, plan, amount, billing_period, issue_date, due_date, status, created_at) VALUES ('inv-4', 'INV-2026-0104', 'tenant-5', 'تولوم سوشي - مطعم مأكولات بحرية ويابانية', 'pro', '399.00', 'شهري - 4 يوليو 2026 إلى 4 أغسطس 2026', '2026-07-03T21:00:00.000Z', '2026-07-08T21:00:00.000Z', 'pending', '2026-07-08T10:57:46.152Z') ON CONFLICT (id) DO NOTHING;

